game_id,player_id,player,pos,team
201909050chi,RodgAa00,Aaron Rodgers,QB,GNB
201909050chi,JoneAa00,Aaron Jones,RB,GNB
201909050chi,ValdMa00,Marquez Valdes-Scantling,WR,GNB
201909050chi,AdamDa01,Davante Adams,WR,GNB
201909050chi,GrahJi00,Jimmy Graham,TE,GNB
201909050chi,DaviTr03,Trevor Davis,WR,GNB
201909050chi,TonyRo00,Robert Tonyan,TE,GNB
201909050chi,WillJa06,Jamaal Williams,RB,GNB
201909050chi,LewiMa00,Marcedes Lewis,TE,GNB
201909050chi,TrubMi00,Mitchell Trubisky,QB,CHI
201909050chi,DaviMi01,Mike Davis,RB,CHI
201909050chi,MontDa01,David Montgomery,RB,CHI
201909050chi,RobiAl02,Allen Robinson,WR,CHI
201909050chi,CoheTa00,Tarik Cohen,RB,CHI
201909050chi,GabrTa00,Taylor Gabriel,WR,CHI
201909050chi,ShahAd00,Adam Shaheen,TE,CHI
201909050chi,MillAn02,Anthony Miller,WR,CHI
201909050chi,WimsJa00,Javon Wims,WR,CHI
201909050chi,PattCo00,Cordarrelle Patterson,WR,CHI
201909050chi,VitaDa00,Danny Vitale,FB,GNB
201909050chi,KumeJa00,Jake Kumerow,WR,GNB
201909050chi,BrauBe00,Ben Braunecker,TE,CHI
201909050chi,AlliGe01,Geronimo Allison,WR,GNB
201909050chi,SoweBr00,Bradley Sowell,TE,CHI
201909080car,WoodRo02,Robert Woods,WR,LAR
201909080car,CookBr00,Brandin Cooks,WR,LAR
201909080car,HigbTy00,Tyler Higbee,TE,LAR
201909080car,EverGe00,Gerald Everett,TE,LAR
201909080car,KuppCo00,Cooper Kupp,WR,LAR
201909080car,GoffJa00,Jared Goff,QB,LAR
201909080car,GurlTo01,Todd Gurley,RB,LAR
201909080car,BrowMa03,Malcolm Brown,RB,LAR
201909080car,WrigJa02,Jarius Wright,WR,CAR
201909080car,HogaCh00,Chris Hogan,WR,CAR
201909080car,ThomIa00,Ian Thomas,TE,CAR
201909080car,ReynJo00,Josh Reynolds,WR,LAR
201909080car,NewtCa00,Cam Newton,QB,CAR
201909080car,McCaCh01,Christian McCaffrey,RB,CAR
201909080car,HendDa00,Darrell Henderson,RB,LAR
201909080car,MoorD.00,D.J. Moore,WR,CAR
201909080car,OlseGr00,Greg Olsen,TE,CAR
201909080car,SamuCu00,Curtis Samuel,WR,CAR
201909080car,ArmaAl00,Alex Armah,FB,CAR
201909080car,ManhCh00,Chris Manhertz,TE,CAR
201909080cle,MariMa01,Marcus Mariota,QB,TEN
201909080cle,HenrDe00,Derrick Henry ,RB,TEN
201909080cle,SmitJo01,Jonnu Smith,TE,TEN
201909080cle,PruiMy00,MyCole Pruitt,TE,TEN
201909080cle,SharTa00,Tajae Sharpe,WR,TEN
201909080cle,TannRy00,Ryan Tannehill,QB,TEN
201909080cle,MayfBa00,Baker Mayfield,QB,CLE
201909080cle,ChubNi00,Nick Chubb,RB,CLE
201909080cle,JohnDE04,D'Ernest Johnson,RB,CLE
201909080cle,LandJa00,Jarvis Landry,WR,CLE
201909080cle,HillDo00,Dontrell Hilliard,RB,CLE
201909080cle,LewiDi00,Dion Lewis,RB,TEN
201909080cle,BrowAJ00,A.J. Brown,WR,TEN
201909080cle,WalkHu00,Delanie Walker,TE,TEN
201909080cle,HumpAd00,Adam Humphries,WR,TEN
201909080cle,DaviCo03,Corey Davis,WR,TEN
201909080cle,FirkAn00,Anthony Firkser,TE,TEN
201909080cle,JennDa00,Darius Jennings,WR,TEN
201909080cle,FlueDa00,David Fluellen,RB,TEN
201909080cle,RatlDa00,Damion Ratley,WR,CLE
201909080cle,BeckOd00,Odell Beckham Jr.,WR,CLE
201909080cle,HiggRa00,Rashard Higgins,WR,CLE
201909080cle,NjokDa00,David Njoku,TE,CLE
201909080cle,HarrDe03,Demetrius Harris,TE,CLE
201909080crd,StafMa00,Matthew Stafford,QB,DET
201909080crd,JohnKe06,Kerryon Johnson,RB,DET
201909080crd,JoneMa02,Marvin Jones,WR,DET
201909080crd,HockTJ00,T.J. Hockenson,TE,DET
201909080crd,AmenDa00,Danny Amendola,WR,DET
201909080crd,GollKe00,Kenny Golladay,WR,DET
201909080crd,McKiJ.00,J.D. McKissic,RB,DET
201909080crd,JameJe00,Jesse James,TE,DET
201909080crd,BawdNi00,Nick Bawden,RB,DET
201909080crd,MurrKy00,Kyler Murray,QB,ARI
201909080crd,JohnDa08,David Johnson,RB,ARI
201909080crd,KirkCh01,Christian Kirk,WR,ARI
201909080crd,EdmoCh00,Chase Edmonds,RB,ARI
201909080crd,AndeC.00,C.J. Anderson,RB,DET
201909080crd,JohnTy02,Ty Johnson,RB,DET
201909080crd,ThomLo00,Logan Thomas,TE,DET
201909080crd,LacyCh00,Chris Lacy,WR,DET
201909080crd,SherTr00,Trent Sherfield,WR,ARI
201909080crd,WillMa04,Maxx Williams,TE,ARI
201909080crd,ClayCh00,Charles Clay,TE,ARI
201909080crd,FitzLa00,Larry Fitzgerald,WR,ARI
201909080crd,JohnKe07,KeeSean Johnson,WR,ARI
201909080crd,ByrdDa00,Damiere Byrd,WR,ARI
201909080dal,LatiCo00,Cody Latimer,WR,NYG
201909080dal,ShepSt00,Sterling Shepard,WR,NYG
201909080dal,FowlBe00,Bennie Fowler,WR,NYG
201909080dal,CoopAm00,Amari Cooper,WR,DAL
201909080dal,CobbRa00,Randall Cobb,WR,DAL
201909080dal,JarwBl00,Blake Jarwin,TE,DAL
201909080dal,WittJa00,Jason Witten,TE,DAL
201909080dal,AustTa00,Tavon Austin,WR,DAL
201909080dal,OlawJa00,Jamize Olawale,FB,DAL
201909080dal,ShepRu00,Russell Shepard,WR,NYG
201909080dal,TomlEr01,Eric Tomlinson,TE,NYG
201909080dal,ElliRh00,Rhett Ellison,TE,NYG
201909080dal,PresDa01,Dak Prescott,QB,DAL
201909080dal,ElliEz00,Ezekiel Elliott,RB,DAL
201909080dal,PollTo00,Tony Pollard,RB,DAL
201909080dal,GallMi00,Michael Gallup,WR,DAL
201909080dal,MannEl00,Eli Manning,QB,NYG
201909080dal,JoneDa05,Daniel Jones,QB,NYG
201909080dal,BarkSa00,Saquon Barkley,RB,NYG
201909080dal,GallWa00,Wayne Gallman,RB,NYG
201909080dal,PennEl00,Elijhaa Penny,RB,NYG
201909080dal,EngrEv00,Evan Engram,TE,NYG
201909080dal,SchuDa00,Dalton Schultz,TE,DAL
201909080dal,SmitDe04,Devin Smith,WR,DAL
201909080jax,WillDa05,Damien Williams,RB,KAN
201909080jax,MahoPa00,Patrick Mahomes,QB,KAN
201909080jax,MoorMa01,Matt Moore,QB,KAN
201909080jax,McCoLe01,LeSean McCoy,RB,KAN
201909080jax,PrinBy00,Byron Pringle,WR,KAN
201909080jax,LeexMa00,Marqise Lee,WR,JAX
201909080jax,ColeKe00,Keelan Cole,WR,JAX
201909080jax,DevaSe00,Seth Devalve,TE,JAX
201909080jax,RobiDe01,Demarcus Robinson,WR,KAN
201909080jax,MinsGa00,Gardner Minshew II,QB,JAX
201909080jax,FoleNi00,Nick Foles ,QB,JAX
201909080jax,FourLe00,Leonard Fournette,RB,JAX
201909080jax,ArmsRy00,Ryquell Armstead,RB,JAX
201909080jax,WestDe00,Dede Westbrook,WR,JAX
201909080jax,HillTy00,Tyreek Hill,WR,KAN
201909080jax,WatkSa00,Sammy Watkins,WR,KAN
201909080jax,KelcTr00,Travis Kelce,TE,KAN
201909080jax,SherAn00,Anthony Sherman,FB,KAN
201909080jax,BellBl00,Blake Bell,TE,KAN
201909080jax,ThomDa06,Darwin Thompson,RB,KAN
201909080jax,HardMe00,Mecole Hardman,WR,KAN
201909080jax,O'ShJa00,James O'Shaughnessy,TE,JAX
201909080jax,SwaiGe00,Geoff Swaim,TE,JAX
201909080jax,CharDJ00,DJ Chark,WR,JAX
201909080jax,ConlCh00,Chris Conley,WR,JAX
201909080mia,FitzRy00,Ryan Fitzpatrick,QB,MIA
201909080mia,RoseJo01,Josh Rosen,QB,MIA
201909080mia,EdwaGu00,Gus Edwards,RB,BAL
201909080mia,HillJu00,Justice Hill,RB,BAL
201909080mia,BrowMa04,Marquise Brown,WR,BAL
201909080mia,AndrMa00,Mark Andrews,TE,BAL
201909080mia,SneaWi00,Willie Snead,WR,BAL
201909080mia,HursHa00,Hayden Hurst,TE,BAL
201909080mia,BoylNi00,Nick Boyle,TE,BAL
201909080mia,RobeSe00,Seth Roberts,WR,BAL
201909080mia,BoykMi00,Miles Boykin,WR,BAL
201909080mia,RicaPa00,Patrick Ricard,FB,BAL
201909080mia,JackLa00,Lamar Jackson,QB,BAL
201909080mia,GrifRo01,Robert Griffin III,QB,BAL
201909080mia,IngrMa01,Mark Ingram,RB,BAL
201909080mia,LeviAn00,Anthony Levine,SS,BAL
201909080mia,MoorCh00,Chris Moore,WR,BAL
201909080mia,OLeaNi00,Nick O'Leary,TE,MIA
201909080mia,SmytDu00,Durham Smythe,TE,MIA
201909080mia,CoxxCh01,Chandler Cox,FB,MIA
201909080mia,ParkDe01,DeVante Parker,WR,MIA
201909080mia,GesiMi00,Mike Gesicki,TE,MIA
201909080mia,WillPr01,Preston Williams,WR,MIA
201909080mia,HurnAl01,Allen Hurns,WR,MIA
201909080mia,GranJa00,Jakeem Grant,WR,MIA
201909080mia,BallKa00,Kalen Ballage,RB,MIA
201909080mia,DrakKe00,Kenyan Drake,RB,MIA
201909080mia,WilsAl02,Albert Wilson,WR,MIA
201909080mia,WaltMa00,Mark Walton,RB,MIA
201909080min,DiggSt00,Stefon Diggs,WR,MIN
201909080min,BeebCh00,Chad Beebe,WR,MIN
201909080min,JohnOl00,Olabisi Johnson,WR,MIN
201909080min,DillBr00,Brandon Dillon,TE,MIN
201909080min,RudoKy00,Kyle Rudolph,TE,MIN
201909080min,HamxC.00,C.J. Ham,FB,MIN
201909080min,RyanMa00,Matt Ryan,QB,ATL
201909080min,SmitIt00,Ito Smith,RB,ATL
201909080min,FreeDe00,Devonta Freeman,RB,ATL
201909080min,HoopAu00,Austin Hooper,TE,ATL
201909080min,RidlCa00,Calvin Ridley,WR,ATL
201909080min,SanuMo00,Mohamed Sanu,WR,ATL
201909080min,HardJu00,Justin Hardy,WR,ATL
201909080min,BoonMi00,Mike Boone,RB,MIN
201909080min,StocLu00,Luke Stocker,TE,ATL
201909080min,GageRu00,Russell Gage,WR,ATL
201909080min,CousKi00,Kirk Cousins,QB,MIN
201909080min,CookDa01,Dalvin Cook,RB,MIN
201909080min,MattAl01,Alexander Mattison,RB,MIN
201909080min,AbduAm00,Ameer Abdullah,RB,MIN
201909080min,ThieAd00,Adam Thielen,WR,MIN
201909080min,SmitKe03,Keith Smith,FB,ATL
201909080min,GrahJa01,Jaeden Graham,TE,ATL
201909080min,SmitIr01,Irv Smith Jr.,TE,MIN
201909080min,JoneJu02,Julio Jones,WR,ATL
201909080nwe,GordJo02,Josh Gordon,WR,NWE
201909080nwe,OlszGu00,Gunner Olszewski,WR,NWE
201909080nwe,BoldBr00,Brandon Bolden,RB,NWE
201909080nwe,DorsPh00,Phillip Dorsett,WR,NWE
201909080nwe,JohnDi01,Diontae Johnson,WR,PIT
201909080nwe,MeyeJa01,Jakobi Meyers,WR,NWE
201909080nwe,IzzoRy00,Ryan Izzo,TE,NWE
201909080nwe,SwitRy00,Ryan Switzer,WR,PIT
201909080nwe,GrimXa00,Xavier Grimble,TE,PIT
201909080nwe,DeveJa00,James Develin,FB,NWE
201909080nwe,RoetBe00,Ben Roethlisberger,QB,PIT
201909080nwe,ConnJa00,James Conner,RB,PIT
201909080nwe,SamuJa00,Jaylen Samuels,RB,PIT
201909080nwe,SmitJu00,JuJu Smith-Schuster,WR,PIT
201909080nwe,WashJa00,James Washington,WR,PIT
201909080nwe,McDoVa00,Vance McDonald ,TE,PIT
201909080nwe,BradTo00,Tom Brady,QB,NWE
201909080nwe,EdelJu00,Julian Edelman,WR,NWE
201909080nwe,MoncDo00,Donte Moncrief,WR,PIT
201909080nwe,HoltJo00,Johnny Holton,WR,PIT
201909080nwe,MichSo00,Sony Michel,RB,NWE
201909080nwe,BurkRe00,Rex Burkhead,RB,NWE
201909080nwe,WhitJa02,James White,RB,NWE
201909080nyj,AlleJo02,Josh Allen,QB,BUF
201909080nyj,SingDe00,Devin Singletary,RB,BUF
201909080nyj,GoreFr00,Frank Gore,RB,BUF
201909080nyj,BeasCo00,Cole Beasley,WR,BUF
201909080nyj,SweeTo00,Tommy Sweeney,TE,BUF
201909080nyj,JoneZa00,Zay Jones,WR,BUF
201909080nyj,BrowJo02,John Brown,WR,BUF
201909080nyj,KnoxDa00,Dawson Knox,TE,BUF
201909080nyj,DarnSa00,Sam Darnold,QB,NYJ
201909080nyj,BellLe00,Le'Veon Bell,RB,NYJ
201909080nyj,DiMaPa00,Patrick DiMarco,FB,BUF
201909080nyj,SmitLe00,Lee Smith,TE,BUF
201909080nyj,FostRo01,Robert Foster,WR,BUF
201909080nyj,McKeIs00,Isaiah McKenzie,WR,BUF
201909080nyj,YeldT.00,T.J. Yeldon,RB,BUF
201909080nyj,WescTr00,Trevon Wesco,TE,NYJ
201909080nyj,BrowDa04,Daniel Brown,TE,NYJ
201909080nyj,CannTr00,Trenton Cannon,RB,NYJ
201909080nyj,AndeRo04,Robby Anderson,WR,NYJ
201909080nyj,BellJo02,Josh Bellamy,WR,NYJ
201909080nyj,CrowJa00,Jamison Crowder,WR,NYJ
201909080nyj,MontTy01,Ty Montgomery,RB,NYJ
201909080nyj,GrifRy00,Ryan Griffin,TE,NYJ
201909080nyj,EnunQu00,Quincy Enunwa,WR,NYJ
201909080phi,KeenCa00,Case Keenum,QB,WAS
201909080phi,GuicDe00,Derrius Guice,RB,WAS
201909080phi,ThomCh03,Chris Thompson,RB,WAS
201909080phi,SandMi01,Miles Sanders,RB,PHI
201909080phi,JeffAl00,Alshon Jeffery,WR,PHI
201909080phi,JackDe00,DeSean Jackson,WR,PHI
201909080phi,ErtzZa00,Zach Ertz,TE,PHI
201909080phi,McLaTe00,Terry McLaurin,WR,WAS
201909080phi,DaviVe00,Vernon Davis,TE,WAS
201909080phi,RichPa01,Paul Richardson,WR,WAS
201909080phi,QuinTr00,Trey Quinn,WR,WAS
201909080phi,HarmKe00,Kelvin Harmon,WR,WAS
201909080phi,SpriJe00,Jeremy Sprinkle,TE,WAS
201909080phi,WentCa00,Carson Wentz,QB,PHI
201909080phi,SproDa00,Darren Sproles,RB,PHI
201909080phi,HowaJo00,Jordan Howard,RB,PHI
201909080phi,SimsSt00,Steven Sims,WR,WAS
201909080phi,HollMa00,Mack Hollins,WR,PHI
201909080phi,ArceJJ00,JJ Arcega-Whiteside,WR,PHI
201909080phi,ClemCo00,Corey Clement,RB,PHI
201909080phi,GoedDa00,Dallas Goedert,TE,PHI
201909080phi,AghoNe00,Nelson Agholor,WR,PHI
201909080phi,ElliAl01,Alex Ellis,TE,PHI
201909080sdg,BrisJa00,Jacoby Brissett,QB,IND
201909080sdg,MackMa00,Marlon Mack,RB,IND
201909080sdg,HiltT.00,T.Y. Hilton,WR,IND
201909080sdg,CainDe00,Deon Cain,WR,IND
201909080sdg,HineNy00,Nyheim Hines,RB,IND
201909080sdg,CampPa00,Parris Campbell,WR,IND
201909080sdg,EbroEr00,Eric Ebron,TE,IND
201909080sdg,AlieMo00,Mo Alie-Cox,TE,IND
201909080sdg,FuncDe00,Devin Funchess,WR,IND
201909080sdg,DoylJa00,Jack Doyle,TE,IND
201909080sdg,JackJu01,Justin Jackson,RB,LAC
201909080sdg,WattDe00,Derek Watt,FB,LAC
201909080sdg,AlleKe00,Keenan Allen,WR,LAC
201909080sdg,HenrHu00,Hunter Henry,TE,LAC
201909080sdg,WillMi07,Mike Williams,WR,LAC
201909080sdg,BenjTr00,Travis Benjamin,WR,LAC
201909080sdg,InmaDo00,Dontrelle Inman,WR,LAC
201909080sdg,GreeVi00,Virgil Green,TE,LAC
201909080sdg,TaylTy00,Tyrod Taylor,QB,LAC
201909080sdg,RogeCh02,Chester Rogers,WR,IND
201909080sdg,PascZa00,Zach Pascal,WR,IND
201909080sdg,RivePh00,Philip Rivers,QB,LAC
201909080sdg,EkelAu00,Austin Ekeler,RB,LAC
201909080sdg,CulkSe00,Sean Culkin,TE,LAC
201909080sea,WillDa11,Damion Willis,WR,CIN
201909080sea,EricAl01,Alex Erickson,WR,CIN
201909080sea,EifeTy00,Tyler Eifert,TE,CIN
201909080sea,WilsRu00,Russell Wilson,QB,SEA
201909080sea,CarsCh00,Chris Carson,RB,SEA
201909080sea,PennRa00,Rashaad Penny,RB,SEA
201909080sea,DaltAn00,Andy Dalton,QB,CIN
201909080sea,BernGi00,Giovani Bernard,RB,CIN
201909080sea,MixoJo00,Joe Mixon,RB,CIN
201909080sea,BoydTy00,Tyler Boyd,WR,CIN
201909080sea,RossJo00,John Ross,WR,CIN
201909080sea,UzomC.00,C.J. Uzomah,TE,CIN
201909080sea,CoopPh00,Pharoh Cooper,WR,CIN
201909080sea,SampDr00,Drew Sample,TE,CIN
201909080sea,PeriSa00,Samaje Perine,RB,CIN
201909080sea,BrowJa03,Jaron Brown,WR,SEA
201909080sea,MetcDK00,D.K. Metcalf,WR,SEA
201909080sea,LockTy00,Tyler Lockett,WR,SEA
201909080sea,VannNi00,Nick Vannett,TE,SEA
201909080sea,DissWi00,Will Dissly,TE,SEA
201909080sea,TurnMa00,Malik Turner,WR,SEA
201909080sea,BellNi01,Nick Bellore,FB,SEA
201909080tam,GaroJi00,Jimmy Garoppolo,QB,SFO
201909080tam,MostRa00,Raheem Mostert,RB,SFO
201909080tam,BourKe00,Kendrick Bourne,WR,SFO
201909080tam,GoodMa00,Marquise Goodwin,WR,SFO
201909080tam,PettDa00,Dante Pettis,WR,SFO
201909080tam,WinsJa00,Jameis Winston,QB,TAM
201909080tam,JoneRo01,Ronald Jones II,RB,TAM
201909080tam,BarbPe01,Peyton Barber,RB,TAM
201909080tam,GodwCh00,Chris Godwin,WR,TAM
201909080tam,OgunDa00,Dare Ogunbowale,RB,TAM
201909080tam,BreiMa00,Matt Breida,RB,SFO
201909080tam,ColeTe01,Tevin Coleman,RB,SFO
201909080tam,KittGe00,George Kittle,TE,SFO
201909080tam,JameRi00,Richie James,WR,SFO
201909080tam,SamuDe00,Deebo Samuel,WR,SFO
201909080tam,JuszKy00,Kyle Juszczyk,FB,SFO
201909080tam,DwelRo00,Ross Dwelley,TE,SFO
201909080tam,ToilLe00,Levine Toilolo,TE,SFO
201909080tam,AuclAn00,Antony Auclair,TE,TAM
201909080tam,WatsJu01,Justin Watson,WR,TAM
201909080tam,LogaT.00,T.J. Logan,RB,TAM
201909080tam,EvanMi00,Mike Evans,WR,TAM
201909080tam,PerrBr02,Breshad Perriman,WR,TAM
201909080tam,BratCa00,Cameron Brate,TE,TAM
201909080tam,HowaO.00,O.J. Howard,TE,TAM
201909080tam,WilsJe00,Bobo Wilson,WR,TAM
201909090nor,HydeCa00,Carlos Hyde,RB,HOU
201909090nor,WatsDe00,Deshaun Watson,QB,HOU
201909090nor,BreeDr00,Drew Brees,QB,NOR
201909090nor,KamaAl00,Alvin Kamara,RB,NOR
201909090nor,MurrLa00,Latavius Murray,RB,NOR
201909090nor,HillTa00,Taysom Hill,QB,NOR
201909090nor,ThomMi05,Michael Thomas,WR,NOR
201909090nor,GinnTe00,Ted Ginn Jr.,WR,NOR
201909090nor,JohnDu00,Duke Johnson,RB,HOU
201909090nor,HopkDe00,DeAndre Hopkins,WR,HOU
201909090nor,FullWi01,Will Fuller,WR,HOU
201909090nor,StilKe00,Kenny Stills,WR,HOU
201909090nor,AkinJo00,Jordan Akins,TE,HOU
201909090nor,FellDa01,Darren Fells,TE,HOU
201909090nor,CartDe02,DeAndre Carter,WR,HOU
201909090nor,KirkKe00,Keith Kirkwood,WR,NOR
201909090nor,LineZa01,Zach Line,FB,NOR
201909090nor,HarrDe07,Deonte Harris,WR,NOR
201909090nor,CookJa02,Jared Cook,TE,NOR
201909090nor,SmitTr03,Tre'Quan Smith,WR,NOR
201909090nor,HillJo02,Josh Hill,TE,NOR
201909090rai,BookDe00,Devontae Booker,RB,DEN
201909090rai,HeueJe00,Jeff Heuerman,TE,DEN
201909090rai,FumaTr00,Troy Fumagalli,TE,DEN
201909090rai,PatrTi00,Tim Patrick,WR,DEN
201909090rai,FlacJo00,Joe Flacco,QB,DEN
201909090rai,FreeRo00,Royce Freeman,RB,DEN
201909090rai,LindPh00,Phillip Lindsay,RB,DEN
201909090rai,SuttCo00,Courtland Sutton,WR,DEN
201909090rai,SandEm00,Emmanuel Sanders,WR,DEN
201909090rai,HamiDa01,DaeSean Hamilton,WR,DEN
201909090rai,FantNo00,Noah Fant,TE,DEN
201909090rai,CarrDe02,Derek Carr,QB,LVR
201909090rai,JacoJo01,Josh Jacobs,RB,LVR
201909090rai,WashDe00,DeAndre Washington,RB,LVR
201909090rai,BeckAn01,Andrew Beck,TE,DEN
201909090rai,IngoAl01,Alec Ingold,FB,LVR
201909090rai,NelsJJ00,JJ Nelson,WR,LVR
201909090rai,MoreFo00,Foster Moreau,TE,LVR
201909090rai,GranRy01,Ryan Grant,WR,LVR
201909090rai,RenfHu00,Hunter Renfrow,WR,LVR
201909090rai,HarrDw00,Dwayne Harris,WR,LVR
201909090rai,WallDa01,Darren Waller,TE,LVR
201909090rai,RichJa01,Jalen Richard,RB,LVR
201909090rai,WillTy00,Tyrell Williams,WR,LVR
201909150atl,McCoJo01,Josh McCown,QB,PHI
201909150cin,WilsJe01,Jeff Wilson,RB,SFO
201909150cin,TateAu00,Auden Tate,WR,CIN
201909150den,BurtTr01,Trey Burton,TE,CHI
201909150den,CracRi00,River Cracraft,WR,DEN
201909150den,SpenDi00,Diontae Spencer,WR,DEN
201909150det,DaviGe00,Geremy Davis,WR,LAC
201909150gnb,ConkTy00,Tyler Conklin,TE,MIN
201909150gnb,LazaAl00,Allen Lazard ,WR,GNB
201909150htx,CoutKe00,Keke Coutee,WR,HOU
201909150htx,ErviTy00,Tyler Ervin,RB,JAX
201909150htx,GillCu00,Cullen Gillaspia,RB,HOU
201909150htx,HoweGr00,Buddy Howell,RB,HOU
201909150mia,LaCoMa00,Matt LaCosse,TE,NWE
201909150mia,BrowAn04,Antonio Brown,WR,NWE
201909150mia,SlatMa00,Matthew Slater,WR,NWE
201909150nyg,JoneT.00,T.J. Jones,WR,NYG
201909150nyg,CoreCo00,Cody Core,WR,NYG
201909150oti,WilkJo01,Jordan Wilkins,RB,IND
201909150oti,QuesDa00,David Quessenberry,G,TEN
201909150pit,RudoMa00,Mason Rudolph,QB,PIT
201909150pit,ProsC.00,C.J. Prosise,RB,SEA
201909150pit,UrsuJo00,John Ursua,WR,SEA
201909150pit,SnelBe00,Benny Snell Jr.,RB,PIT
201909150rai,WillDa10,Darrel Williams,RB,KAN
201909150rai,ThomDe05,De'Anthony Thomas,WR,KAN
201909150rai,CarrDe00,Derek Carrier,TE,LVR
201909150rai,DossKe00,Keelan Doss,WR,LVR
201909150ram,BridTe00,Teddy Bridgewater,QB,NOR
201909150rav,CrabMi00,Michael Crabtree,WR,ARI
201909150was,PeteAd01,Adrian Peterson,RB,WAS
201909150was,WilsCe01,Cedrick Wilson Jr.,WR,DAL
201909150was,SmalWe00,Wendell Smallwood,RB,WAS
201909150was,DaviRo00,Robert Davis,WR,WAS
201909160nyj,BrowPh01,Pharaoh Brown,TE,CLE
201909160nyj,SealRi00,Ricky Seals-Jones,TE,CLE
201909160nyj,FalkLu00,Luke Falk,QB,NYJ
201909160nyj,SiemTr00,Trevor Siemian,QB,NYJ
201909160nyj,ThomDe03,Demaryius Thomas,WR,NYJ
201909160nyj,TaylTa00,Taywan Taylor,WR,CLE
201909220buf,RobeAn00,Andre Roberts,WR,BUF
201909220cle,MundJo00,Johnny Mundt,TE,LAR
201909220clt,BarnKe00,Kenjon Barner,RB,ATL
201909220crd,IsabAn00,Andy Isabella,WR,ARI
201909220crd,BonnRe00,Reggie Bonnafon,RB,CAR
201909220crd,AlleKy00,Kyle Allen,QB,CAR
201909220gnb,WinfJu00,Juwann Winfree,WR,DEN
201909220gnb,ShepDa00,Darrius Shepherd ,WR,GNB
201909220gnb,BaylEv00,Evan Baylis,TE,GNB
201909220kan,YeldDe00,Deon Yelder,TE,KAN
201909220min,MannSe00,Sean Mannion,QB,MIN
201909220nwe,StidJa00,Jarrett Stidham,QB,NWE
201909220nwe,BerrBr00,Braxton Berrios,WR,NYJ
201909220nwe,PoweBi00,Bilal Powell,RB,NYJ
201909220nwe,JohnJa12,Jakob Johnson,FB,NWE
201909220phi,HallMa02,Marvin Hall,WR,DET
201909220phi,WardGr02,Greg Ward,WR,PHI
201909220sdg,KendLa00,Lance Kendricks,TE,LAC
201909220sea,CarrAu00,Austin Carr,WR,NOR
201909220sea,HumpLi01,Lil'Jordan Humphrey,WR,NOR
201909220sea,MoorDa03,David Moore,WR,SEA
201909220sfo,GentZa00,Zach Gentry,TE,PIT
201909220tam,SlayDa01,Darius Slayton,WR,NYG
201909220tam,MillSc01,Scott Miller,WR,TAM
201909230was,HoltJ.01,J.P. Holtz,TE,CHI
201909290buf,BarkMa00,Matt Barkley,QB,BUF
201909290chi,DaniCh00,Chase Daniel,QB,CHI
201909290chi,TreaLa00,Laquon Treadwell,WR,MIN
201909290clt,DuliAs00,Ashton Dulin,WR,IND
201909290crd,WillLu00,Luke Willson,TE,SEA
201909290den,JanoAn00,Andy Janovich,FB,DEN
201909290den,BrowFr01,Fred Brown,WR,DEN
201909290det,KennTo01,Tom Kennedy,WR,DET
201909290mia,PopeTr00,Troymaine Pope,RB,LAC
201909290mia,PattAn00,Andre Patton,WR,LAC
201909290mia,FordIs00,Isaiah Ford,WR,MIA
201909290nyg,DickGa00,Garrett Dickerson,TE,NYG
201909290nyg,HillJo03,Jon Hilliman,RB,NYG
201909290nyg,HaskDw00,Dwayne Haskins,QB,WAS
201909290rav,HodgKh00,KhaDarel Hodge,WR,CLE
201909300pit,CartCe00,Cethan Carter,TE,CIN
201910060cin,MorgSt02,Stanley Morgan Jr.,WR,CIN
201910060dal,CarsTr01,Tra Carson,RB,GNB
201910060nyg,TateGo00,Golden Tate,WR,NYG
201910060oti,WillDu01,Duke Williams,WR,BUF
201910060phi,FaleDa00,David Fales,QB,NYJ
201910060phi,SmitVy00,Vyncint Smith,WR,NYJ
201910060pit,HodgDe00,Devlin Hodges,QB,PIT
201910060rai,HarrEr00,Erik Harris,SS,LVR
201910060rai,AtemMa00,Marcell Ateman,WR,LVR
201910060sdg,GordMe00,Melvin Gordon,RB,LAC
201910060was,McCoCo00,Colt McCoy,QB,WAS
201910060was,CunnJe00,Jerome Cunningham,TE,WAS
201910060was,SimsCa00,Cam Sims,WR,WAS
201910070sfo,CallAn00,Antonio Callaway,WR,CLE
201910070sfo,GilbGa01,Garrett Gilbert,QB,CLE
201910100nwe,SmitKa00,Kaden Smith,TE,NYG
201910100nwe,WaltAu00,Austin Walter,RB,NYG
201910130cle,HollJa03,Jacob Hollister,TE,SEA
201910130crd,McGaKa00,Kaleb McGary,T,ATL
201910130crd,ZaccOl01,Olamide Zaccheaus,WR,ATL
201910130crd,DaniDa02,Darrell Daniels,TE,ARI
201910130den,DawkDa01,Dalyn Dawkins,RB,TEN
201910130jax,KoyaBe00,Ben Koyack,TE,JAX
201910130mia,HentHa00,Hale Hentges,TE,WAS
201910130min,ScotBo02,Boston Scott,RB,PHI
201910130min,ElliJa03,Jake Elliott ,K,PHI
201910130nyj,BryaVe00,Ventell Bryant,WR,DAL
201910130rav,WillTr06,Trayveon Williams,RB,CIN
201910130sdg,MoorJa02,Jason Moore,WR,LAC
201910130tam,ZylsBr00,Brandon Zylstra,WR,CAR
201910130tam,McClRa00,Ray-Ray McCloud,WR,CAR
201910130tam,ScarJo00,Jordan Scarlett,RB,CAR
201910140gnb,AgneJa00,Jamal Agnew,CB,DET
201910170den,WadmCo00,Colby Wadman,P,DEN
201910200atl,KellJo00,John Kelly,RB,LAR
201910200atl,HekkJo00,Johnny Hekker,P,LAR
201910200atl,ScotNi01,Nick Scott,FS,LAR
201910200atl,SchaMa00,Matt Schaub,QB,ATL
201910200atl,HillBr02,Brian Hill,RB,ATL
201910200buf,KrofTy00,Tyler Kroft,TE,BUF
201910200buf,HaacMa00,Matt Haack,P,MIA
201910200chi,ArnoDa00,Dan Arnold,TE,NOR
201910200chi,ZennZa00,Zach Zenner,RB,NOR
201910200chi,WashDw00,Dwayne Washington,RB,NOR
201910200cin,OlivJo00,Josh Oliver,TE,JAX
201910200cin,BoarC.00,C.J. Board,WR,JAX
201910200clt,AngeBr00,Bryan Anger,P,HOU
201910200gnb,GlenMi00,Mike Glennon,QB,LVR
201910200gnb,BoylTi00,Tim Boyle,QB,GNB
201910200gnb,WillDe07,Dexter Williams,RB,GNB
201910200oti,ByarKe01,Kevin Byard,FS,TEN
201910200oti,KernBr20,Brett Kern,P,TEN
201910200was,MattJo00,Jordan Matthews,WR,SFO
201910200was,BurtMi00,Michael Burton,FB,WAS
201910210nyj,HarrDa06,Damien Harris,RB,NWE
201910210nyj,WatsBe00,Ben Watson,TE,NWE
201910240min,DaviDa03,Davion Davis,WR,MIN
201910270atl,BlakCh00,Christian Blake,WR,ATL
201910270det,PerkPa00,Paul Perkins,RB,DET
201910270htx,MitcSt02,Steven Mitchell,WR,HOU
201910270nor,HundBr00,Brett Hundley,QB,ARI
201910270nor,HogaKr00,Krishawn Hogan,WR,NOR
201910270oti,HudsTa00,Tanner Hudson,TE,TAM
201910270oti,RaymKa00,Kalif Raymond,WR,TEN
201910270ram,ThomMi04,Mike Thomas,WR,LAR
201910270sfo,WhitDe01,DeAndrew White,WR,CAR
201910270sfo,MullNi00,Nick Mullens,QB,SFO
201910280pit,DeitMi00,Michael Deiter,G,MIA
201910280pit,NixxRo01,Roosevelt Nix,FB,PIT
201910280pit,EdmuTr00,Trey Edmunds,RB,PIT
201910310crd,MorrAl00,Alfred Morris,RB,ARI
201911030car,JoneCo01,Colin Jones,FS,CAR
201911030den,CarlSt00,Stephen Carlson,TE,CLE
201911030den,AlleBr00,Brandon Allen,QB,DEN
201911030jax,CookLo00,Logan Cooke,P,JAX
201911030jax,OzigDe01,Devine Ozigbo,RB,JAX
201911030mia,WalfCl00,Clive Walford,TE,MIA
201911030pit,HoyeBr00,Brian Hoyer,QB,IND
201911030pit,BrooTo01,Tony Brooks-James,RB,PIT
201911100chi,DrisJe00,Jeff Driskel,QB,DET
201911100cin,FinlRy00,Ryan Finley,QB,CIN
201911100cle,HuntKa00,Kareem Hunt,RB,CLE
201911100clt,LairPa00,Patrick Laird,RB,MIA
201911100clt,GaskMy00,Myles Gaskin,RB,MIA
201911100clt,WillJo07,Jonathan Williams,RB,IND
201911100clt,JohnMa07,Marcus Johnson,WR,IND
201911100gnb,SterJa00,Jace Sternberger,TE,GNB
201911100nyj,HernCh00,Chris Herndon,TE,NYJ
201911100oti,ColqDu20,Dustin Colquitt,P,KAN
201911100pit,BortBl00,Blake Bortles,QB,LAR
201911100pit,LongDa02,David Long,CB,LAR
201911100tam,LeexAn20,Andy Lee,P,ARI
201911110sfo,CeleGa00,Garrett Celek,TE,SFO
201911140cle,TellWy00,Wyatt Teller,T,CLE
201911140cle,JoneTe02,Tevin Jones,WR,PIT
201911170car,OlliQa00,Qadree Ollison,RB,ATL
201911170clt,NelsQu00,Quenton Nelson,G,IND
201911170det,ScarBo01,Bo Scarbrough,RB,DET
201911170mia,JennGa00,Gary Jennings Jr,WR,MIA
201911170min,DoctJo00,Josh Doctson,WR,MIN
201911170phi,HarrNK00,N'Keal Harry,WR,NWE
201911170ram,NallRy00,Ryan Nall,RB,CHI
201911170rav,McCaA.00,A.J. McCarron,QB,HOU
201911170rav,KochSa20,Sam Koch,P,BAL
201911170was,AdamJo03,Josh Adams,RB,NYJ
201911180sdg,DietGe00,Gehrig Dieter,WR,KAN
201911210htx,ThomJo05,Jordan Thomas,TE,HOU
201911240atl,VeaxVi00,Vita Vea,NT,TAM
201911240chi,SimoSc00,Scott Simonson,TE,NYG
201911240chi,HorsJe00,Jesper Horsted,WR,CHI
201911240cin,WhytKe00,Kerrith Whyte Jr,RB,PIT
201911240nor,VandJa00,Jason Vander Laan,TE,NOR
201911240oti,JoneCh10,Charles Jones,TE,JAX
201911240oti,BlasKh00,Khari Blasingame,FB,TEN
201911240oti,KellDe00,Dennis Kelly,T,TEN
201911240phi,SwooTy00,Tyrone Swoopes,TE,SEA
201911240phi,AjayJa00,Jay Ajayi,RB,PHI
201911240was,NautIs00,Isaac Nauta,TE,DET
201911280atl,MeieCa00,Carson Meier,TE,ATL
201911280det,BlouDa00,David Blough,QB,DET
201911280det,RidlRi00,Riley Ridley,WR,CHI
201912010cin,SchrMa00,Mason Schreck,TE,CIN
201912010clt,TravRo00,Ross Travis,TE,IND
201912010clt,HollCo00,Cody Hollister,WR,TEN
201912010clt,LengMa00,Matt Lengel,TE,IND
201912010den,GuytJa01,Jalen Guyton,WR,LAC
201912010den,LockDr00,Drew Lock,QB,DEN
201912010jax,WalkMi00,Michael Walker,WR,JAX
201912010mia,SandJa00,Jason Sanders,K,MIA
201912010nyg,AlleJa01,Javorius Allen,RB,NYG
201912010nyg,ScotDa02,Da'Mari Scott,WR,NYG
201912020sea,HollAl00,Alexander Hollins,WR,MIN
201912020sea,HomeTr00,Travis Homer,RB,SEA
201912080crd,BerrJo00,Jordan Berry,P,PIT
201912080gnb,KidsDa00,Darvin Kidsy,WR,WAS
201912080min,BradGa00,Garrett Bradbury,C,MIN
201912080nwe,WareSp00,Spencer Ware,RB,KAN
201912080rai,GaffRi00,Rico Gafford,WR,LVR
201912080tam,WillCh05,Chad Williams,WR,IND
201912080tam,GrifRy01,Ryan Griffin,QB,TAM
201912090phi,PerkJo02,Joshua Perkins,TE,PHI
201912120rav,SmitJe03,Jeff Smith,WR,NYJ
201912150car,FantGe00,George Fant,T,SEA
201912150det,HillWe00,Wes Hills,RB,DET
201912150det,HymaIs00,Ishmael Hyman,WR,TAM
201912150det,FulgTr00,Travis Fulgham,WR,DET
201912150nyg,TannAl00,Alex Tanney,QB,NYG
201912150oti,CruiDa00,Dane Cruikshank,SS,TEN
201912150was,FergJo02,Josh Ferguson,RB,WAS
201912210nwe,DawkDi00,Dion Dawkins,T,BUF
201912210tam,McElCo00,Codey McElroy,WR,TAM
201912210tam,SchnSp00,Spencer Schnell,WR,TAM
201912210tam,GrayCy01,Cyril Grayson,WR,TAM
201912220atl,DaviCo02,Cody Davis,FS,JAX
201912220chi,SaubEr00,Eric Saubert,TE,CHI
201912220clt,GrieWi00,Will Grier,QB,CAR
201912220clt,PalaMi00,Michael Palardy,P,CAR
201912220mia,TurnDe01,De'Lance Turner,RB,MIA
201912220mia,WilkCh00,Christian Wilkins,DE,MIA
201912220nyj,MaloJo00,Josh Malone,WR,NYJ
201912220oti,HardJu01,Justin Hardee,CB,NOR
201912290buf,PerrSe00,Senorise Perry,RB,BUF
201912290car,OrtiRi00,Ricky Ortiz,FB,NOR
201912290cin,IrwiTr00,Trenton Irwin,WR,CIN
201912290den,SmitRo06,Rod Smith,RB,LVR
201912290htx,JoneTa00,Taiwan Jones,RB,HOU
201912290htx,DaviRa01,Rashard Davis,WR,TEN
201912290jax,McNiJe00,Jeremy McNichols,RB,JAX
201912290nwe,LaceDe00,Deon Lacey,LB,MIA
201912290nwe,RobeEl00,Elandon Roberts,LB,NWE
201912290nyg,RodgRi00,Richard Rodgers,TE,PHI
201912290nyg,BurnDe00,Deontay Burnett,WR,PHI
201912290rav,McSoTr00,Trace McSorley,QB,BAL
201912290rav,ScotJa02,Jaleel Scott,WR,BAL
201912290sea,LyncMa00,Marshawn Lynch,RB,SEA
201912290tam,MickJa01,Jaydon Mickens,WR,TAM
201912290tam,SambTy00,Ty Sambrailo,T,ATL
201912290tam,FranJo04,John Franklin,DB,TAM
202001040htx,BojoCo00,Corey Bojorquez,P,BUF
202001050phi,TurbRo00,Robert Turbin,RB,SEA
202001050phi,GibsSh00,Shelton Gibson,WR,PHI
202001120kan,ReidJu00,Justin Reid,SS,HOU
202001190kan,HookAm00,Amani Hooker,FS,TEN
202009100kan,EdwaCl00,Clyde Edwards-Helaire,RB,KAN
202009100kan,KeizNi00,Nick Keizer,TE,KAN
202009130atl,NeasSh00,Sharrod Neasman,DB,ATL
202009130atl,SwaiFr00,Freddie Swain,WR,SEA
202009130atl,HartPe01,Penny Hart,WR,SEA
202009130atl,PoweBr00,Brandon Powell,WR,ATL
202009130buf,MossZa00,Zack Moss,RB,BUF
202009130buf,DaviGa01,Gabriel Davis,WR,BUF
202009130buf,GillRe00,Reggie Gilliam,FB,BUF
202009130car,RuggHe00,Henry Ruggs III,WR,LVR
202009130car,EdwaBr01,Bryan Edwards,WR,LVR
202009130cin,GreeA.00,A.J. Green,WR,CIN
202009130cin,KellJo01,Joshua Kelley,RB,LAC
202009130cin,BurrJo01,Joe Burrow,QB,CIN
202009130cin,HillKJ00,K.J. Hill,WR,LAC
202009130cin,AndeSt01,Stephen Anderson,TE,LAC
202009130cin,NabeGa00,Gabe Nabers,RB,LAC
202009130cin,ReedJo03,Joe Reed,WR,LAC
202009130cin,HiggTe00,Tee Higgins,WR,CIN
202009130det,MoonDa00,Darnell Mooney,WR,CHI
202009130det,KmetCo00,Cole Kmet,TE,CHI
202009130det,SwifDA00,D'Andre Swift,RB,DET
202009130det,CephQu00,Quintez Cephus,WR,DET
202009130jax,ElleBe00,Ben Ellefson,TE,JAX
202009130jax,TaylJo02,Jonathan Taylor,RB,IND
202009130jax,PittMi01,Michael Pittman Jr.,WR,IND
202009130jax,RobiJa00,James Robinson,RB,JAX
202009130jax,ShenLa00,Laviska Shenault Jr.,WR,JAX
202009130jax,JohnCo01,Collin Johnson,WR,JAX
202009130jax,MillBr02,Bruce Miller,FB,JAX
202009130jax,CottNa00,Nathan Cottrell,RB,JAX
202009130min,DeguJo00,Josiah Deguara,TE,GNB
202009130min,DillAJ00,AJ Dillon ,RB,GNB
202009130min,TaylMa01,Malik Taylor,WR,GNB
202009130min,LoveJo02,John Lovett,TE,GNB
202009130min,JeffJu00,Justin Jefferson,WR,MIN
202009130nor,TrauAd00,Adam Trautman,TE,NOR
202009130nor,GronRo00,Rob Gronkowski,TE,TAM
202009130nwe,AsiaDe00,Devin Asiasi,TE,NWE
202009130nwe,TaylJJ01,J.J. Taylor,RB,NWE
202009130ram,LambCe00,CeeDee Lamb,WR,DAL
202009130ram,BrowNo00,Noah Brown,WR,DAL
202009130ram,AkerCa00,Cam Akers,RB,LAR
202009130ram,JeffVa00,Van Jefferson,WR,LAR
202009130rav,GillJa00,Jamie Gillan,P,CLE
202009130rav,DobbJK00,J.K. Dobbins,RB,BAL
202009130rav,BryaHa00,Harrison Bryant,TE,CLE
202009130rav,NatsJo00,Jojo Natson,WR,CLE
202009130rav,ProcJa00,James Proche,WR,BAL
202009130rav,DuveDe00,Devin Duvernay,WR,BAL
202009130sfo,WoerCh00,Charlie Woerner,TE,SFO
202009130sfo,StreCh00,Chris Streveler,QB,ARI
202009130sfo,McKiJe00,Jerick McKinnon,RB,SFO
202009130sfo,TaylTr02,Trent Taylor,WR,SFO
202009130sfo,ReedJo02,Jordan Reed,TE,SFO
202009130was,ReagJa00,Jalen Reagor,WR,PHI
202009130was,GibsAn00,Antonio Gibson ,RB,WAS
202009130was,HuntJa01,Jason Huntley,RB,PHI
202009130was,HighJo00,John Hightower,WR,PHI
202009130was,BaugMa02,Marcus Baugh,TE,WAS
202009140den,ClevTy00,Tyrie Cleveland,WR,DEN
202009140den,ButtJa00,Jake Butt,TE,DEN
202009140den,JeudJe00,Jerry Jeudy,WR,DEN
202009140nyg,ClayCh01,Chase Claypool,WR,PIT
202009200chi,MassBo00,Bobby Massie,OL,CHI
202009200clt,FounDa00,Daurice Fountain,WR,IND
202009200clt,GreeFa00,Farrod Green,TE,IND
202009200clt,TogiNo00,Noah Togiai,TE,IND
202009200crd,GandAn00,Antonio Gandy-Golden,WR,WAS
202009200dal,ThomDa05,Darian Thompson,S,DAL
202009200dal,GoodC.00,C.J. Goodwin,CB,DAL
202009200dal,JoneCh02,Chris Jones,P,DAL
202009200dal,McKeSe01,Sean McKeon,TE,DAL
202009200mia,BowdLy00,Lynn Bowden Jr.,WR,MIA
202009200nyj,AiyuBr00,Brandon Aiyuk,WR,SFO
202009200nyj,PeriLa00,La'Mical Perine,RB,NYJ
202009200oti,BatsCa00,Cameron Batson,WR,TEN
202009200oti,WestNi00,Nick Westbrook-Ikhine,WR,TEN
202009200pit,HamlKJ00,KJ Hamler,WR,DEN
202009200pit,MartSa01,Sam Martin,P,DEN
202009200sdg,HerbJu00,Justin Herbert,QB,LAC
202009200tam,ThomCo03,Colin Thompson,TE,CAR
202009200tam,ChinJe00,Jeremy Chinn,S,CAR
202009210rai,CallMa01,Marquez Callaway,WR,NOR
202009240jax,DaviTy02,Tyler Davis,TE,JAX
202009270cle,WrigIs01,Isaiah Wright,WR,WAS
202009270clt,CageLa01,Lawrence Cager,WR,NYJ
202009270den,RypiBr00,Brett Rypien,QB,DEN
202009270den,JohnTy00,Tyler Johnson,WR,TAM
202009270min,EvanDa02,Darrynton Evans,RB,TEN
202009270nwe,ZubeIs00,Isaiah Zuber,WR,NWE
202009270nyg,HastJa02,Jamycal Hasty,RB,SFO
202009270phi,HurtJa00,Jalen Hurts,QB,PHI
202009270pit,McFaAn00,Anthony McFarland Jr.,RB,PIT
202009280rav,FishEr00,Eric Fisher,T,KAN
202010040dal,PeopDo00,Donovan Peoples-Jones,WR,CLE
202010040det,CabiJa00,Jason Cabinda,LB/F,DET
202010040det,GrifGa00,Garrett Griffin,TE,NOR
202010040mia,DallDe00,DeeJay Dallas,RB,SEA
202010040rai,RiddTh00,Theo Riddick,RB,LVR
202010040sfo,KillAd00,Adrian Killins,RB,PHI
202010040sfo,BeatC.00,C.J. Beathard,QB,SFO
202010040tam,JohnTy03,Tyron Johnson,WR,LAC
202010040tam,ParhDo00,Donald Parham,TE,LAC
202010040tam,VaugKe00,Ke'Shawn Vaughn,RB,TAM
202010050gnb,BegeRe00,Reggie Begelton,WR,GNB
202010110nyj,WardJo00,Jonathan Ward,RB,ARI
202010110pit,WatkQu00,Quez Watkins,WR,PHI
202010110pit,CrooJa00,Jason Croom,TE,PHI
202010110sfo,WhitKe00,Kevin White,WR,SFO
202010110sfo,FejeCl00,Clayton Fejedelem ,S,MIA
202010110was,SmitAl03,Alex Smith,QB,WAS
202010110was,WebsNs00,Nsimba Webster,WR,LAR
202010110was,HemiTe00,Temarrick Hemingway,TE,WAS
202010180clt,HarrDe11,De'Michael Harris,WR,IND
202010180mia,TagoTu00,Tua Tagovailoa,QB,MIA
202010180nwe,OkwuAl00,Albert Okwuegbunam,TE,DEN
202010180nyg,MackAu01,Austin Mack,WR,NYG
202010180tam,GabbBl00,Blaine Gabbert,QB,TAM
202010180tam,St.BEq00,Equanimeous St. Brown,WR,GNB
202010190buf,KempMa00,Marcus Kemp,WR,KAN
202010190dal,DowdRi01,Rico Dowdle,RB,DAL
202010220phi,ButlHa00,Hakeem Butler,TE,PHI
202010220phi,BachAl00,Alex Bachman,WR,NYG
202010250den,HennCh01,Chad Henne,QB,KAN
202010250den,CoxxJe00,Jeremy Cox,RB,DEN
202010250nor,HartMy00,Myles Hartsfield,DB,CAR
202010250nor,JohnJu02,Juwan Johnson,WR,NOR
202010250nwe,KeenDa00,Dalton Keene,TE,NWE
202010250nyj,MimsDe00,Denzel Mims,WR,NYJ
202010250rai,HeatJe00,Jeff Heath,S,LVR
202010250sdg,SticEa00,Easton Stick,QB,LAC
202010250was,DiNuBe00,Ben DiNucci,QB,DAL
202010250was,BrowTo03,Tony Brown,WR,WAS
202010250was,BadeJe00,Jeff Badet,WR,WAS
202010260ram,HopkBr01,Brycen Hopkins,TE,LAR
202010290car,WalkPh00,Phillip Walker,QB,CAR
202011010chi,LewiTo00,Tommylee Lewis,WR,NOR
202011010cin,ForeDO00,D'Onta Foreman,RB,TEN
202011010kan,TownTo01,Tommy Townsend,P,KAN
202011010mia,PerrMa00,Malcolm Perry,RB/W,MIA
202011010sea,ParkCo02,Colby Parkinson,TE,SEA
202011080buf,CollAl00,Alex Collins,RB,SEA
202011080clt,BryaDe01,Dez Bryant,WR,BAL
202011080clt,SkurMa01,Matt Skura,C/G,BAL
202011080crd,AhmeSa01,Salvon Ahmed,RB,MIA
202011080crd,MerrKi00,Kirk Merritt,WR,MIA
202011080crd,FostD.01,D.J. Foster,RB,ARI
202011080jax,LutoJa00,Jake Luton,QB,JAX
202011080kan,CharJo01,Joseph Charlton,P,CAR
202011080oti,MingBa00,Barkevious Mingo,LB,CHI
202011080oti,PierAr00,Artavis Pierce,RB,CHI
202011090nyj,WilkKr00,Kristian Wilkerson,WR,NWE
202011150car,SmitRo08,Rodney Smith,RB,CAR
202011150gnb,GodwTe00,Terry Godwin,WR,JAX
202011150mia,MyarCh00,Chris Myarick,TE,MIA
202011150pit,WillSh02,Shawn Williams,S,CIN
202011160chi,MillLa01,Lamar Miller,RB,CHI
202011160chi,BrayTy00,Tyler Bray,QB,CHI
202011220cle,StanJo02,Johnny Stanton,FB,CLE
202011220rav,WoodLo00,Logan Woodside,QB,TEN
202011220sdg,LongTy00,Ty Long,K,LAC
202011260det,PhilSc01,Scottie Phillips,RB,HOU
202011260det,WarrKa00,Kahale Warring,TE,HOU
202011290atl,PeteNa00,Nathan Peterman,QB,LVR
202011290den,HintKe00,Kendall Hinton,QB,DEN
202011300phi,WilsCa00,Caleb Wilson,TE,PHI
202012060chi,BryaHu02,Hunter Bryant,TE,DET
202012060gnb,DafnDo00,Dominique Dafney,TE,GNB
202012060htx,HansCh00,Chad Hansen,WR,HOU
202012060oti,BradJa01,Ja'Marcus Bradley,WR,CLE
202012060oti,LammKe00,Kendall Lamm,T,CLE
202012060oti,BrewAa01,Aaron Brewer,C,TEN
202012070pit,HawkJe00,Jerald Hawkins,T,PIT
202012130car,MichMa00,Marken Michel,WR,CAR
202012130chi,CoulIs00,Isaiah Coulter,WR,HOU
202012130sea,SmitGe00,Geno Smith,QB,SEA
202012170rai,ColeAJ01,AJ Cole III,P,LVR
202012200crd,TurnZe00,Zeke Turner,LB,ARI
202012200dal,HelmDa01,Daniel Helm,TE,SFO
202012200nyg,GateNi00,Nick Gates,C,NYG
202012200nyg,DixoRi00,Riley Dixon,P,NYG
202012200oti,MoorCJ01,C.J. Moore,S,DET
202012200rav,HuntTy01,Tyler Huntley,QB,BAL
202012250nor,BargJa00,Jake Bargas,FB,MIN
202012270htx,HeckCh00,Charlie Heck,T,HOU
202012270htx,SchaMa01,Max Scharping,G/T,HOU
202012270jax,ReynCr00,Craig Reynolds,RB,JAX
202012270nyj,WillDe06,Derrick Willies,WR,CLE
202012270sdg,BellLe02,LeVante Bellamy,RB,DEN
202012270was,HeinTa00,Taylor Heinicke,QB,WAS
202012280nwe,JohnJa11,Jaquan Johnson,S,BUF
202012280nwe,NealSi00,Siran Neal,S,BUF
202101030buf,BeckNa00,Nate Becker,TE,BUF
202101030buf,WillAn03,Antonio Williams,RB,BUF
202101030car,JoneTo04,Tony Jones,RB,NOR
202101030car,StevTo01,Tommy Stevens,QB,CAR
202101030cle,RadeKe00,Kevin Rader,TE,PIT
202101030cle,DobbJo00,Joshua Dobbs,QB,PIT
202101030clt,PatmDe00,Dezmon Patmon,WR,IND
202101030kan,SokoMa00,Matt Sokol,TE,LAC
202101030phi,SudfNa00,Nate Sudfeld,QB,PHI
202101030ram,WolfJo00,John Wolford,QB,LAR
202102070tam,HaegJo00,Joe Haeg,T,TAM
202109120atl,GainKe00,Kenneth Gainwell,RB,PHI
202109120atl,SmitDe07,DeVonta Smith,WR,PHI
202109120atl,StolJa00,Jack Stoll,TE,PHI
202109120atl,HessPa00,Parker Hesse,TE,ATL
202109120atl,PittKy00,Kyle Pitts,TE,ATL
202109120buf,HarrNa00,Najee Harris,RB,PIT
202109120buf,FreiPa00,Pat Freiermuth,TE,PIT
202109120car,MarsTe00,Terrace Marshall Jr.,WR,CAR
202109120car,MoorEl00,Elijah Moore,WR,NYJ
202109120car,WilsZa00,Zach Wilson,QB,NYJ
202109120car,HubbCh01,Chuba Hubbard,RB,CAR
202109120car,RiccGi00,Giovanni Ricci,RB,CAR
202109120car,TremTo00,Tommy Tremble,TE,CAR
202109120car,CartMi03,Michael Carter,RB,NYJ
202109120cin,OsboKJ00,K.J. Osborn,WR,MIN
202109120cin,SmitIh00,Ihmir Smith-Marsette,WR,MIN
202109120cin,WilcMi01,Mitchell Wilcox,TE,CIN
202109120cin,ChasJa00,Ja'Marr Chase,WR,CIN
202109120clt,EskrDW00,D'Wayne Eskridge,WR,SEA
202109120clt,MabrTy00,Tyler Mabry,TE,SEA
202109120clt,GranKy00,Kylen Granson,TE,IND
202109120clt,StraMi03,Mike Strachan,WR,IND
202109120det,LancTr00,Trey Lance,QB,SFO
202109120det,MitcEl00,Elijah Mitchell,RB,SFO
202109120det,JennJa00,Jauan Jennings,WR,SFO
202109120det,StxxAm00,Amon-Ra St. Brown,WR,DET
202109120det,BensTr00,Trinity Benson,WR,DET
202109120htx,FarrLu00,Luke Farrell,TE,JAX
202109120htx,LawrTr00,Trevor Lawrence,QB,JAX
202109120htx,CollNi00,Nico Collins,WR,HOU
202109120kan,SchwAn00,Anthony Schwartz,WR,CLE
202109120kan,RemmMi00,Mike Remmers,T,KAN
202109120kan,GrayNo00,Noah Gray,TE,KAN
202109120kan,FortJo01,Joe Fortson,WR,KAN
202109120nor,LoveJo03,Jordan Love,QB,GNB
202109120nor,HillKy00,Kylin Hill,RB,GNB
202109120nor,RodgAm00,Amari Rodgers,WR,GNB
202109120nwe,LongHu00,Hunter Long,TE,MIA
202109120nwe,StevRh00,Rhamondre Stevenson,RB,NWE
202109120nwe,WaddJa00,Jaylen Waddle,WR,MIA
202109120nwe,JoneMa05,Mac Jones,QB,NWE
202109120nyg,BrigGa00,Gary Brightwell,RB,NYG
202109120nyg,ToneKa00,Kadarius Toney,WR,NYG
202109120nyg,WillJa10,Javonte Williams,RB,DEN
202109120oti,MoorRo02,Rondale Moore,WR,ARI
202109120oti,McMaRa00,Racey McMath,WR,TEN
202109120oti,SargMe00,Mekhi Sargent,RB,TEN
202109120oti,FarlMa00,Matthias Farley,FS,TEN
202109120ram,FielJu00,Justin Fields,QB,CHI
202109120ram,HerbKh00,Khalil Herbert,RB,CHI
202109120ram,AtweTu00,Tutu Atwell,WR,LAR
202109120was,RounLa00,Larry Rountree,RB,LAC
202109120was,PalmJo00,Josh Palmer,WR,LAC
202109120was,BrowDy00,Dyami Brown,WR,WAS
202109120was,BateJo00,John Bates,TE,WAS
202109120was,PattJa01,Jaret Patterson,RB,WAS
202109120was,MilnDa00,Dax Milne,WR,WAS
202109130rai,WillTy01,Ty'Son Williams,RB,BAL
202109190chi,EvanCh02,Chris Evans,RB,CIN
202109190cle,FeltDe00,Demetric Felton,RB,CLE
202109190cle,MillDa02,Davis Mills,QB,HOU
202109190clt,FunkJa00,Jake Funk,RB,LAR
202109190clt,HarrDe09,De'Michael Harris,WR,IND
202109190clt,EasoJa00,Jacob Eason,QB,IND
202109190phi,SermTr00,Trey Sermon,RB,SFO
202109190rav,WallTy00,Tylan Wallace,WR,BAL
202109190sea,HudsTo00,Tommy Hudson,TE,TEN
202109260cle,FranJo03,Jordan Franks,TE,CLE
202109260den,CrocDa01,Damarea Crockett,RB,DEN
202109260jax,WeslAn01,Antoine Wesley,WR,ARI
202109260oti,CartTo01,Tory Carter,TE,TEN
202109260pit,WhitCo05,Cody White,WR,PIT
202109260ram,SkowBe00,Ben Skowronek,WR,LAR
202109260ram,DardJa00,Jaelon Darden,WR,TAM
202109270dal,FehoSi00,Simi Fehoko,WR,DAL
202109270dal,RalsNi00,Nick Ralston,FB,DAL
202110030atl,FranFe00,Feleipe Franks,QB,ATL
202110030sfo,PatrJa01,Jacques Patrick,RB,SFO
202110030sfo,ThomCo04,Cody Thompson,WR,SEA
202110040sdg,CampTe00,Tevaughn Campbell,CB,LAC
202110100rai,BoweNi00,Nick Bowers,TE,LVR
202110170car,SmitSh03,Shi Smith,WR,CAR
202110170car,ChisDa00,Dan Chisena,WR,MIN
202110170nyg,HarrJa03,Jacob Harris,TE,LAR
202110170rav,BateRa00,Rashod Bateman,WR,BAL
202110240crd,BenjEn00,Eno Benjamin,RB,ARI
202110240nwe,WhitMi01,Mike White,QB,NYJ
202110240nyg,SillDa01,David Sills,WR,NYG
202110240oti,KinsMa00,Mason Kinsey,WR,TEN
202110240oti,GoreDe00,Derrick Gore,RB,KAN
202110240rai,BushMa00,Matt Bushman,TE,LVR
202110240ram,BlanKe01,Kendall Blanton,TE,LAR
202110240ram,WrigBr01,Brock Wright,TE,DET
202110240ram,FoxxJa01,Jack Fox,P,DET
202110240ram,PricBo00,Bobby Price,FS,DET
202110310cle,BoswCh00,Chris Boswell,K,PIT
202110310det,IgweGo00,Godwin Igwebuike,RB,DET
202110310det,JeffJe00,Jermar Jefferson,RB,DET
202110310htx,JordBr00,Brevin Jordan,TE,HOU
202110310min,RushCo00,Cooper Rush,QB,DAL
202110310nyj,JohnJo05,Josh Johnson,QB,NYJ
202110310sdg,McKiTr00,Tre' McKitty,TE,LAC
202111040clt,EhliSa00,Sam Ehlinger,QB,IND
202111040clt,PintDa00,Danny Pinter,G,IND
202111070nyg,StonDi00,Dillon Stoner,WR,LVR
202111070phi,JackTy01,Tyree Jackson,TE,PHI
202111070rav,NwanKe00,Kene Nwangwu,RB,MIN
202111070sfo,DortGr01,Greg Dortch,WR,ARI
202111070sfo,WellDa00,David Wells,TE,ARI
202111140dal,DarbFr00,Frank Darby,WR,ATL
202111140gnb,TaylPa01,Patrick Taylor,RB,GNB
202111140nyj,WebbDa00,Davis Webb,QB,BUF
202111140oti,FitzDe00,Dez Fitzpatrick,WR,TEN
202111140was,ReyeSa00,Sammis Reyes,TE,WAS
202111210buf,JackDe02,Deon Jackson,RB,IND
202111210jax,WillTr21,Trent Williams,T,SFO
202111220tam,ThomAn02,Andrew Thomas,T,NYG
202111250dal,SmitSu00,Sutton Smith,FB,LVR
202111250nor,PrenAd00,Adam Prentice,FB,NOR
202111250nor,GillBl00,Blake Gillikin,P,NOR
202111250nor,StevMa00,Marquez Stevenson,WR,BUF
202111280den,BradDa00,Darius Bradwell,RB,LAC
202111280gnb,AkerLa00,Landen Akers,WR,LAR
202111280mia,ChanSe00,Sean Chandler,SS,CAR
202112050chi,AdamRo01,Rodney Adams,WR,CHI
202112050nyj,YeboKe00,Kenny Yeboah,TE,NYJ
202112050pit,McCrNa00,Nate McCrary,RB,BAL
202112120cle,ForrMi00,Miller Forristall,TE,CLE
202112120den,ZylsSh00,Shane Zylstra,TE,DET
202112120den,DeckTa00,Taylor Decker,T,DET
202112120gnb,BenkKu01,Kurt Benkert,QB,GNB
202112120kan,RagaTr00,Trey Ragas,RB,LVR
202112120kan,LeavDa00,Dallin Leavitt,FS,LVR
202112120nyj,WolfEt00,Ethan Wolf,TE,NOR
202112120nyj,MontDJ01,D.J. Montgomery,WR,NYJ
202112120nyj,WinsEa00,Easop Winston,WR,NOR
202112120sdg,CrosKe00,Keion Crossen,CB,NYG
202112120was,BuntIa00,Ian Bunting,TE,DAL
202112120was,HardJa01,JaQuan Hardy,RB,DAL
202112190jax,VeasJo00,Jordan Veasy,WR,HOU
202112190nyg,FromJa00,Jake Fromm,QB,NYG
202112200chi,NewsDa00,Dazz Newsome,WR,CHI
202112200chi,MitcMy00,Myron Mitchell,WR,MIN
202112260car,SaunCJ00,C.J. Saunders,WR,CAR
202112260car,SullSt00,Stephen Sullivan,TE,CAR
202112260cin,PoljTo00,Tony Poljan,TE,BAL
202112260dal,SteeTe01,Terence Steele,T,DAL
202112260htx,FfreMa00,Maurice Ffrench,WR,LAC
202112260htx,BandMi00,Michael Bandy,WR,LAC
202112260htx,CampJa03,Jalen Camp,WR,HOU
202112260htx,QuesPa00,Paul Quessenberry,TE,HOU
202112260htx,SmitTr04,Tremon Smith,CB,HOU
202112260kan,GrifNa00,Nakia Griffin-Stewart,TE,KAN
202112260nwe,HodgIs00,Isaiah Hodgins,WR,BUF
202112260nyj,HammJo00,Josh Hammond,WR,JAX
202112260nyj,WingAn01,Andrew Wingard,FS,JAX
202112260nyj,MannBr01,Braden Mann,P,NYJ
202112260nyj,McDeCo00,Conor McDermott,T,NYJ
202112260phi,JohnLa01,Lane Johnson,T,PHI
202112270nor,BookIa00,Ian Book,QB,NOR
202201020dal,BanjCh00,Chris Banjo,FS,ARI
202201020gnb,MondKe00,Kellen Mond,QB,MIN
202201020nwe,CottJe00,Jeff Cotton,WR,JAX
202201020sdg,WillSe00,Seth Williams,WR,DEN
202201020sdg,KampHu00,Hunter Kampmoyer,TE,LAC
202201020sea,NelsMa00,Matt Nelson,T,DET
202201020sea,PinkJa02,Jared Pinkney,TE,DET
202201090buf,BlacTa00,Tarik Black,WR,NYJ
202201090crd,FullAa01,Aaron Fuller,WR,SEA
202201150buf,DoylTo00,Tommy Doyle,T,BUF
202201160kan,AlleNi00,Nick Allegretti,G,KAN
202209080ram,CookJa01,James Cook,RB,BUF
202209110atl,WillAv02,Avery Williams,RB,ATL
202209110atl,LondDr00,Drake London,WR,ATL
202209110atl,OlavCh00,Chris Olave,WR,NOR
202209110car,BellDa02,David Bell,WR,CLE
202209110chi,TongJa00,Jake Tonges,TE,CHI
202209110chi,EbneTr00,Trestan Ebner,RB,CHI
202209110cin,HeywCo00,Connor Heyward,TE,PIT
202209110cin,WarrJa01,Jaylen Warren,RB,PIT
202209110cin,PickGe00,George Pickens,WR,PIT
202209110crd,PachIs00,Isiah Pacheco,RB,KAN
202209110crd,BaccAn00,Andre Baccellia,WR,ARI
202209110crd,MoorSk01,Skyy Moore,WR,KAN
202209110dal,HousDe01,Dennis Houston,WR,DAL
202209110dal,FergJa00,Jake Ferguson,TE,DAL
202209110dal,HendPe01,Peyton Hendershot,TE,DAL
202209110dal,TurpKa00,KaVontae Turpin,WR,DAL
202209110dal,WhitRa01,Rachaad White,RB,TAM
202209110dal,OttoCa00,Cade Otton,TE,TAM
202209110dal,KiefKo00,Ko Kieft,TE,TAM
202209110htx,WoodJe01,Jelani Woods,TE,IND
202209110htx,PierAl00,Alec Pierce,WR,IND
202209110htx,PierDa01,Dameon Pierce,RB,HOU
202209110htx,HairTr00,Troy Hairston,FB,HOU
202209110min,WatsCh00,Christian Watson,WR,GNB
202209110min,DoubRo00,Romeo Doubs,WR,GNB
202209110nyj,WilsGa00,Garrett Wilson,WR,NYJ
202209110nyj,LikeIs00,Isaiah Likely,TE,BAL
202209110nyj,HallBr03,Breece Hall,RB,NYJ
202209110oti,PhilKy01,Kyle Philips,WR,TEN
202209110oti,BurkTr00,Treylon Burks,WR,TEN
202209110oti,OkonCh00,Chigoziem Okonkwo,TE,TEN
202209110oti,RobiWa01,Wan'Dale Robinson,WR,NYG
202209110oti,BellDa00,Daniel Bellinger,TE,NYG
202209110oti,HaskHa00,Hassan Haskins,RB,TEN
202209110sdg,HorvZa00,Zander Horvath,RB,LAC
202209110was,EtieTr00,Travis Etienne,RB,JAX
202209110was,RogeAr00,Armani Rogers,TE,WAS
202209110was,DotsJa00,Jahan Dotson,WR,WAS
202209110was,JoneTi00,Tim Jones,WR,JAX
202209120sea,YounDa02,Dareke Young,WR,SEA
202209180cle,RuckJe00,Jeremy Ruckert,TE,NYJ
202209180den,WashMo00,Montrell Washington,WR,DEN
202209180nor,GeigKa00,Kaylon Geiger,WR,TAM
202209180pit,StroPi00,Pierre Strong,RB,NWE
202209180rai,WhitZa01,Zamir White,RB,LVR
202209180rai,McBrTr01,Trey McBride,TE,ARI
202209180ram,BernJa00,Jared Bernhardt,WR,ATL
202209180ram,AllgTy00,Tyler Allgeier,RB,ATL
202209180ram,HuntCa02,Caleb Huntley,RB,ATL
202209180rav,ConnTa00,Tanner Conner,WR,MIA
202209180sfo,WalkKe00,Kenneth Walker III,RB,SEA
202209180sfo,DaviTy03,Tyrion Davis-Price,RB,SFO
202209180sfo,GrayDa02,Danny Gray,WR,SFO
202209190buf,WillMa12,Malik Willis,QB,TEN
202209190buf,MorrQu00,Quintin Morris,TE,BUF
202209190buf,ShakKh00,Khalil Shakir,WR,BUF
202209250chi,StewM.00,M.J. Stewart,SS,HOU
202209250den,MasoJo00,Jordan Mason,RB,SFO
202209250was,CalcGr00,Grant Calcaterra,TE,PHI
202209260nyg,TolbJa00,Jalen Tolbert,WR,DAL
202210020det,MitcJa00,James Mitchell,TE,DET
202210020det,AlexMa02,Maurice Alexander,WR,DET
202210020gnb,ZappBa00,Bailey Zappe,QB,NWE
202210020nor,NailJa00,Jalen Nailor,WR,MIN
202210020nor,WrigRy00,Ryan Wright,P,MIN
202210020pit,PickKe00,Kenny Pickett,QB,PIT
202210030sfo,McCuLa01,Lance McCutcheon,WR,LAR
202210090buf,GentTa00,Tanner Gentry,WR,BUF
202210090car,PurdBr00,Brock Purdy,QB,SFO
202210090min,JoneVe00,Velus Jones Jr.,WR,CHI
202210090nor,DickMi00,Michael Dickson,P,SEA
202210090nwe,ThorTy00,Tyquan Thornton,WR,NWE
202210090nyj,ThomSk00,Skylar Thompson,QB,MIA
202210090ram,GervJa00,Jake Gervase,LB,LAR
202210090was,RobiBr01,Brian Robinson Jr.,RB,WAS
202210090was,TurnCo00,Cole Turner,TE,WAS
202210160cle,WoodMi00,Michael Woods II,WR,CLE
202210160cle,HarrKe01,Kevin Harris,RB,NWE
202210160nor,ShahRa00,Rashid Shaheed,WR,NOR
202210160ram,RiveRo01,Ronnie Rivers,RB,LAR
202210160sea,IngrKe01,Keaontay Ingram,RB,ARI
202210170sdg,DulcGr00,Greg Dulcich,TE,DEN
202210230car,BlacRa00,Raheem Blackshear,RB,CAR
202210230oti,FernEt00,Ethan Fernea,WR,IND
202210230rai,TurnDJ00,DJ Turner,WR,LVR
202210230sdg,SpilIs00,Isaiah Spiller,RB,LAC
202210230was,McGoKy00,Kyric McGowan,WR,ERROR - abbrev_team
202210230was,TourSa00,Samori Toure,WR,GNB
202210300atl,BrowSp01,Spencer Brown,RB,CAR
202210300dal,DaviMa02,Malik Davis,RB,DAL
202210300det,SandBr00,Braylon Sanders,WR,MIA
202210300jax,ConnSn00,Snoop Conner,RB,JAX
202210300phi,AlleMa03,Marcus Allen,LB,PIT
202210300phi,CoveBr00,Britain Covey,WR,PHI
202210300ram,MartTa00,Tay Martin,WR,SFO
202210300sea,JohnCa03,Cade Johnson,WR,SEA
202211030htx,QuitTe00,Teagan Quitoriano,TE,HOU
202211060det,BakhDa00,David Bakhtiari,T,GNB
202211060det,BerrSt00,Stanley Berryhill,WR,DET
202211060nyj,DaviAs00,Ashtyn Davis,SS,NYJ
202211070nor,VictBi01,Binjimen Victor,WR,BAL
202211130oti,VirgJa00,Jalen Virgil,WR,DEN
202211130rai,KaliNi00,Nikola Kalinic,TE,IND
202211130ram,WillKy02,Kyren Williams,RB,LAR
202211130ram,PerkBr02,Bryce Perkins,QB,LAR
202211200den,JohnBr23,Brandon Johnson,WR,DEN
202211200nwe,WebbRa02,Raleigh Webb,WR,NWE
202211200sdg,PoweCo00,Cornell Powell,WR,KAN
202211200sdg,SmarSt00,Stone Smartt,TE,LAC
202211270kan,CartRo03,Roger Carter,TE,LAR
202211270nyj,KnigZo00,Zonovan Knight,RB,NYJ
202211270oti,LassKw20,Kwamie Lassiter,WR,CIN
202212010nwe,JoneMa06,Marcus Jones,CB,NWE
202212040det,WillJa11,Jameson Williams,WR,DET
202212040htx,FordJe00,Jerome Ford,RB,CLE
202212040phi,ChesJu00,Julius Chestnut,RB,TEN
202212040ram,TramAu00,Austin Trammell,WR,LAR
202212050tam,KrulLu00,Lucas Krull,TE,NOR
202212110det,SewePe00,Penei Sewell,T,DET
202212110pit,BrowAn06,Anthony Brown,QB,BAL
202212170cle,BaldDa01,Daylen Baldwin,WR,CLE
202212180nor,RiddDe00,Desmond Ridder,QB,ATL
202212180tam,ThomDe07,Deven Thompkins,WR,TAM
202212240chi,AlleCh03,Chase Allen,TE,CHI
202212240nwe,WashSc00,Scotty Washington,TE,NWE
202212250crd,GrugKa00,Kamu Grugier-Hill,LB,ARI
202301010atl,AlixJo00,Josh Ali,WR,ATL
202301010rav,KolaCh00,Charlie Kolar,TE,BAL
202301010was,ConkJa00,Jack Conklin,T,CLE
202301080atl,TrasKy00,Kyle Trask,QB,TAM
202301080chi,ChanTy01,Ty Chandler,RB,MIN
202301080clt,JohnJo12,Johnny Johnson,WR,HOU
202301080den,BadiTy00,Tyler Badie,RB,DEN
202301080mia,EzukEr00,Erik Ezukanma,WR,MIA
202301080was,HoweSa00,Sam Howell,QB,WAS
